planet,drikpanchang_longitude,our_longitude,difference_degrees,difference_arcseconds,status
Sun,213.89194444444445,213.97254571084224,0.08060126639779241,290.1645590320527,⚠️ FAIR
Moon,213.0238888888889,213.83687447624456,0.8129855873556551,2926.7481144803583,⚠️ FAIR
Mars,227.1136111111111,90.80916250428912,136.304448606822,490696.0149845592,❌ POOR
Mercury,214.33833333333334,227.17965041965022,12.841317086316877,46228.74151074076,❌ POOR
Jupiter,90.80583333333333,202.50675415198404,111.70092081865072,402123.31494714256,❌ POOR
Venus,202.40333333333334,214.24644741794785,11.843114084614513,42635.21070461225,❌ POOR
Saturn,330.98861111111114,330.9928841909073,0.004273079796178081,15.383087266241091,✅ EXCEL
Rahu,320.15694444444443,320.1602182491291,0.003273804684681636,11.78569686485389,✅ EXCEL
Ketu,140.15694444444446,140.16021824912912,0.0032738046846532143,11.785696864751571,✅ EXCEL
