planet,drikpanchang_longitude,our_longitude,difference_degrees,difference_arcseconds,status
Sun,213.8972222222222,213.9094422919171,0.012220069694876656,43.99225090155596,✅ GOOD
Moon,213.08472222222224,213.0956216154898,0.010899393267550295,39.23781576318106,✅ GOOD
Mars,227.1175,227.13391051603264,0.01641051603263577,59.07785771748877,✅ GOOD
Mercury,214.3311111111111,214.33140843303656,0.0002973219254442938,1.0703589315994577,✅ EXCEL
Jupiter,90.80555555555556,90.81095597459506,0.00540041903950339,19.441508542212205,✅ EXCEL
Venus,202.40972222222223,202.42825998095287,0.018537758730644782,66.73593143032122,✅ GOOD
Saturn,330.98861111111114,330.9937653519487,0.005154240837555335,18.555267015199206,✅ EXCEL
Rahu,320.15666666666664,320.16353024822973,0.006863581563095522,24.70889362714388,✅ EXCEL
Ketu,140.15666666666667,140.16353024822973,0.0068635815630671,24.70889362704156,✅ EXCEL
