planet,drikpanchang_longitude,pyjhora_longitude,difference_degrees,difference_arcseconds,status,drikpanchang_nakshatra,pyjhora_nakshatra,drikpanchang_pada,pyjhora_pada
Sun,213.88166666666666,213.69910937663073,0.18255729003593046,657.2062441293497,❌ FAIL,Anuradha,Anuradha,1,1
Moon,212.90277777777777,210.62517917187202,2.2775986059057516,8199.354981260705,❌ FAIL,Vishakha,Vishakha,4,4
Mars,227.10611111111112,90.81684044255638,136.28927066855474,490641.37440679705,❌ FAIL,Jyeshtha,Punarvasu,1,4
Mercury,214.35194444444443,226.98147115615717,12.629526711712742,45466.296162165876,❌ FAIL,Anuradha,Jyeshtha,1,1
Jupiter,90.80611111111111,202.1666181919382,111.36050708082709,400897.8254909775,❌ FAIL,Punarvasu,Vishakha,4,1
Venus,202.39027777777778,214.6145264275423,12.224248649764519,44007.295139152266,❌ FAIL,Vishakha,Anuradha,1,1
Saturn,330.98861111111114,330.996752305465,0.008141194353868286,29.30829967392583,❌ FAIL,P Bhadrapada,Purva Bhadrapada,4,4
Rahu,320.15749999999997,320.1745702453037,0.017070245303727916,61.452883093420496,❌ FAIL,P Bhadrapada,Purva Bhadrapada,1,1
Ketu,140.1575,140.1745702453037,0.017070245303699494,61.45288309331818,❌ FAIL,P Phalguni,Purva Phalguni,3,3
