planet,drikpanchang_longitude,pyjhora_longitude,difference_degrees,difference_arcseconds,status,drikpanchang_nakshatra,pyjhora_nakshatra,drikpanchang_pada,pyjhora_pada
Sun,213.88166666666666,213.97254571084224,0.09087904417557979,327.16455903208725,❌ FAIL,Anuradha,Unknown,1,0
Moon,212.90277777777777,213.83687447624456,0.9340966984667887,3362.748114480439,❌ FAIL,Vishakha,Unknown,4,0
Mars,227.10611111111112,90.80916250428912,136.296948606822,490669.01498455927,❌ FAIL,Jyeshtha,Unknown,1,0
Mercury,214.35194444444446,227.17965041965022,12.82770597520576,46179.741510740736,❌ FAIL,Anuradha,Unknown,1,0
Jupiter,90.80611111111111,202.50675415198404,111.70064304087293,402122.31494714256,❌ FAIL,Punarvasu,Unknown,4,0
Venus,202.39027777777778,214.24644741794785,11.856169640170066,42682.21070461224,❌ FAIL,Vishakha,Unknown,1,0
Saturn,330.9886111111111,330.9928841909073,0.004273079796234924,15.383087266445727,⚠️ WARN,P Bhadrapada,Unknown,4,0
Rahu,320.1575,320.1602182491291,0.00271824912908869,9.785696864719284,⚠️ WARN,P Bhadrapada,Unknown,1,0
Ketu,140.1575,140.16021824912912,0.002718249129117112,9.785696864821603,⚠️ WARN,P Phalguni,Unknown,3,0
